time,heartrate,steps,stress,day
12:01:00,97,0,0,D1
12:02:00,93,0,0,D1
12:03:00,86,0,0,D1
12:04:00,81,0,0,D1
12:05:00,90,0,6,D1
12:06:00,97,0,13,D1
12:07:00,92,0,8,D1
12:08:00,91,0,7,D1
12:09:00,91,0,7,D1
12:10:00,87,0,3,D1
12:11:00,85,0,1,D1
12:12:00,84,0,0,D1
12:13:00,81,0,0,D1
12:14:00,83,18,0,D1
12:15:00,97,52,0,D1
12:16:00,105,10,0,D1
12:17:00,90,15,0,D1
12:18:00,86,11,0,D1
12:19:00,96,68,0,D1
12:20:00,91,0,0,D1
12:21:00,84,0,0,D1
12:22:00,83,0,0,D1
12:23:00,77,9,0,D1
12:24:00,84,0,0,D1
12:25:00,86,0,0,D1
12:26:00,79,8,0,D1
12:27:00,76,0,0,D1
12:28:00,77,0,0,D1
12:29:00,79,0,0,D1
12:30:00,80,0,0,D1
12:31:00,80,0,0,D1
12:32:00,83,0,0,D1
12:33:00,82,0,0,D1
12:34:00,84,0,0,D1
12:35:00,81,0,0,D1
12:36:00,79,0,0,D1
12:37:00,86,0,2,D1
12:38:00,83,0,0,D1
12:39:00,78,0,0,D1
12:40:00,81,41,0,D1
12:41:00,94,86,0,D1
12:42:00,88,1,0,D1
12:43:00,92,115,0,D1
12:44:00,126,135,0,D1
12:45:00,125,127,0,D1
12:46:00,126,134,0,D1
12:47:00,133,133,0,D1
12:48:00,127,130,0,D1
12:49:00,121,128,0,D1
12:50:00,112,123,0,D1
12:51:00,115,124,0,D1
12:52:00,100,67,0,D1
12:53:00,114,43,0,D1
12:54:00,118,0,0,D1
12:55:00,114,0,0,D1
12:56:00,112,0,0,D1
12:57:00,105,10,0,D1
12:58:00,83,0,0,D1
12:59:00,77,0,0,D1
13:00:00,73,0,0,D1
13:01:00,74,0,0,D1
13:02:00,69,0,0,D1
13:03:00,67,0,0,D1
13:04:00,78,0,0,D1
13:05:00,80,0,0,D1
13:06:00,83,0,0,D1
13:07:00,71,0,0,D1
13:08:00,77,0,0,D1
13:09:00,74,0,0,D1
13:10:00,82,0,0,D1
13:11:00,82,0,0,D1
13:12:00,79,0,0,D1
13:13:00,77,0,0,D1
13:14:00,79,0,0,D1
13:15:00,76,0,0,D1
13:16:00,77,0,0,D1
13:17:00,81,0,0,D1
13:18:00,82,0,0,D1
13:19:00,75,0,0,D1
13:20:00,79,0,0,D1
13:21:00,78,0,0,D1
13:22:00,77,0,0,D1
13:23:00,71,0,0,D1
13:24:00,72,0,0,D1
13:25:00,79,0,0,D1
13:26:00,68,0,0,D1
13:27:00,71,0,0,D1
13:28:00,86,0,2,D1
13:29:00,85,0,1,D1
13:30:00,89,0,5,D1
13:31:00,87,0,3,D1
13:32:00,84,0,0,D1
13:33:00,85,0,1,D1
13:34:00,86,0,2,D1
13:35:00,83,0,0,D1
13:36:00,86,0,2,D1
13:37:00,78,0,0,D1
13:38:00,81,0,0,D1
13:39:00,80,16,0,D1
13:40:00,91,17,0,D1
13:41:00,94,0,0,D1
13:42:00,83,0,0,D1
13:43:00,78,0,0,D1
13:44:00,76,0,0,D1
13:45:00,80,0,0,D1
13:46:00,79,0,0,D1
13:47:00,74,0,0,D1
13:48:00,79,0,0,D1
13:49:00,80,0,0,D1
13:50:00,79,0,0,D1
13:51:00,79,0,0,D1
13:52:00,78,0,0,D1
13:53:00,77,0,0,D1
13:54:00,77,0,0,D1
13:55:00,76,0,0,D1
13:56:00,76,0,0,D1
13:57:00,78,0,0,D1
13:58:00,75,0,0,D1
13:59:00,77,0,0,D1
14:00:00,80,0,0,D1
14:01:00,76,0,0,D1
14:02:00,79,0,0,D1
14:03:00,77,0,0,D1
14:04:00,78,0,0,D1
14:05:00,77,0,0,D1
14:06:00,84,0,0,D1
14:07:00,88,0,4,D1
14:08:00,85,0,1,D1
14:09:00,85,0,1,D1
14:10:00,84,0,0,D1
14:11:00,78,0,0,D1
14:12:00,78,0,0,D1
14:13:00,75,0,0,D1
14:14:00,70,0,0,D1
14:15:00,72,0,0,D1
14:16:00,69,0,0,D1
14:17:00,74,0,0,D1
14:18:00,79,0,0,D1
14:19:00,84,0,0,D1
14:20:00,78,0,0,D1
14:21:00,78,0,0,D1
14:22:00,75,0,0,D1
14:23:00,73,0,0,D1
14:24:00,78,0,0,D1
14:25:00,70,0,0,D1
14:26:00,79,0,0,D1
14:27:00,85,0,1,D1
14:28:00,78,0,0,D1
14:29:00,70,0,0,D1
14:30:00,73,0,0,D1
14:31:00,82,0,0,D1
14:32:00,71,0,0,D1
14:33:00,83,0,0,D1
14:34:00,79,0,0,D1
14:35:00,77,0,0,D1
14:36:00,77,0,0,D1
14:37:00,76,0,0,D1
14:38:00,74,0,0,D1
14:39:00,76,0,0,D1
14:40:00,78,0,0,D1
14:41:00,77,0,0,D1
14:42:00,74,0,0,D1
14:43:00,73,0,0,D1
14:44:00,83,0,0,D1
14:45:00,83,0,0,D1
14:46:00,82,0,0,D1
14:47:00,74,0,0,D1
14:48:00,75,0,0,D1
14:49:00,74,0,0,D1
14:50:00,71,0,0,D1
14:51:00,76,0,0,D1
14:52:00,83,12,0,D1
14:53:00,93,22,0,D1
14:54:00,98,19,0,D1
14:55:00,80,0,0,D1
14:56:00,76,0,0,D1
14:57:00,72,0,0,D1
14:58:00,71,0,0,D1
14:59:00,69,0,0,D1
15:00:00,76,6,0,D1
15:01:00,84,0,0,D1
15:02:00,77,0,0,D1
15:03:00,78,14,0,D1
15:04:00,82,6,0,D1
15:05:00,77,0,0,D1
15:06:00,74,0,0,D1
15:07:00,74,0,0,D1
15:08:00,68,0,0,D1
15:09:00,68,0,0,D1
15:10:00,82,0,0,D1
15:11:00,79,0,0,D1
15:12:00,76,0,0,D1
15:13:00,78,0,0,D1
15:14:00,75,0,0,D1
15:15:00,79,0,0,D1
15:16:00,86,0,2,D1
15:17:00,80,0,0,D1
15:18:00,84,0,0,D1
15:19:00,83,0,0,D1
15:20:00,77,0,0,D1
15:21:00,77,0,0,D1
15:22:00,75,0,0,D1
15:23:00,80,35,0,D1
15:24:00,84,0,0,D1
15:25:00,84,0,0,D1
15:26:00,82,20,0,D1
15:27:00,81,6,0,D1
15:28:00,85,14,0,D1
15:29:00,79,0,0,D1
15:30:00,72,0,0,D1
15:31:00,73,0,0,D1
15:32:00,71,0,0,D1
15:33:00,80,0,0,D1
15:34:00,87,47,0,D1
15:35:00,87,29,0,D1
15:36:00,93,16,0,D1
15:37:00,89,0,0,D1
15:38:00,93,0,0,D1
15:39:00,107,36,0,D1
15:40:00,105,0,0,D1
15:41:00,99,17,0,D1
15:42:00,88,13,0,D1
15:43:00,89,16,0,D1
15:44:00,104,13,0,D1
15:45:00,103,8,0,D1
15:46:00,94,6,0,D1
15:47:00,92,0,0,D1
15:48:00,85,0,0,D1
15:49:00,88,21,0,D1
15:50:00,89,10,0,D1
15:51:00,94,52,0,D1
15:52:00,108,120,0,D1
15:53:00,126,124,0,D1
15:54:00,124,126,0,D1
15:55:00,119,127,0,D1
15:56:00,120,126,0,D1
15:57:00,127,119,0,D1
15:58:00,129,111,0,D1
15:59:00,130,128,0,D1
16:00:00,120,81,0,D1
16:01:00,112,0,0,D1
16:02:00,96,0,0,D1
16:03:00,93,0,0,D1
16:04:00,99,0,0,D1
16:05:00,91,0,0,D1
16:06:00,85,0,0,D1
16:07:00,71,0,0,D1
16:08:00,65,0,0,D1
16:09:00,73,0,0,D1
16:10:00,82,0,0,D1
16:11:00,88,0,4,D1
16:12:00,76,0,0,D1
16:13:00,89,0,5,D1
16:14:00,93,0,9,D1
16:15:00,90,0,6,D1
16:16:00,81,0,0,D1
16:17:00,89,0,5,D1
16:18:00,86,0,2,D1
16:19:00,80,0,0,D1
16:20:00,70,0,0,D1
16:21:00,60,0,0,D1
16:22:00,62,0,0,D1
16:23:00,63,0,0,D1
16:24:00,90,0,6,D1
16:25:00,73,0,0,D1
16:26:00,65,0,0,D1
16:27:00,67,0,0,D1
16:28:00,72,0,0,D1
16:29:00,84,0,0,D1
16:30:00,77,0,0,D1
16:31:00,76,0,0,D1
16:32:00,76,0,0,D1
16:33:00,75,0,0,D1
16:34:00,75,0,0,D1
16:35:00,77,0,0,D1
16:36:00,76,0,0,D1
16:37:00,79,0,0,D1
16:38:00,79,0,0,D1
16:39:00,72,0,0,D1
16:40:00,69,0,0,D1
16:41:00,80,0,0,D1
16:42:00,75,0,0,D1
16:43:00,75,0,0,D1
16:44:00,72,0,0,D1
16:45:00,74,0,0,D1
16:46:00,79,0,0,D1
16:47:00,63,0,0,D1
16:48:00,79,0,0,D1
16:49:00,73,0,0,D1
16:50:00,69,0,0,D1
16:51:00,72,0,0,D1
16:52:00,85,0,1,D1
16:53:00,83,0,0,D1
16:54:00,73,0,0,D1
16:55:00,68,0,0,D1
16:56:00,68,0,0,D1
16:57:00,68,0,0,D1
16:58:00,69,0,0,D1
16:59:00,78,0,0,D1
17:00:00,79,0,0,D1
17:01:00,76,0,0,D1
17:02:00,74,0,0,D1
17:03:00,71,0,0,D1
17:04:00,69,0,0,D1
17:05:00,69,0,0,D1
17:06:00,65,0,0,D1
17:07:00,66,0,0,D1
17:08:00,72,0,0,D1
17:09:00,82,0,0,D1
17:10:00,83,0,0,D1
17:11:00,83,0,0,D1
17:12:00,74,0,0,D1
17:13:00,75,0,0,D1
17:14:00,79,0,0,D1
17:15:00,80,0,0,D1
17:16:00,79,0,0,D1
17:17:00,78,0,0,D1
17:18:00,76,0,0,D1
17:19:00,78,0,0,D1
17:20:00,79,0,0,D1
17:21:00,78,0,0,D1
17:22:00,78,0,0,D1
17:23:00,74,0,0,D1
17:24:00,72,0,0,D1
17:25:00,85,0,1,D1
17:26:00,82,0,0,D1
17:27:00,86,0,2,D1
17:28:00,79,0,0,D1
17:29:00,75,0,0,D1
17:30:00,78,0,0,D1
17:31:00,78,0,0,D1
17:32:00,78,0,0,D1
17:33:00,83,0,0,D1
17:34:00,82,0,0,D1
17:35:00,83,0,0,D1
17:36:00,86,0,2,D1
17:37:00,78,0,0,D1
17:38:00,80,0,0,D1
17:39:00,76,0,0,D1
17:40:00,78,0,0,D1
17:41:00,86,0,2,D1
17:42:00,81,0,0,D1
17:43:00,75,0,0,D1
17:44:00,81,0,0,D1
17:45:00,83,0,0,D1
17:46:00,77,0,0,D1
17:47:00,90,0,6,D1
17:48:00,83,0,0,D1
17:49:00,74,0,0,D1
17:50:00,79,0,0,D1
17:51:00,81,0,0,D1
17:52:00,77,0,0,D1
17:53:00,70,0,0,D1
17:54:00,71,0,0,D1
17:55:00,72,6,0,D1
17:56:00,88,80,0,D1
17:57:00,100,102,0,D1
17:58:00,98,96,0,D1
17:59:00,105,106,0,D1
18:00:00,103,111,0,D1
18:01:00,103,114,0,D1
18:02:00,97,107,0,D1
18:03:00,96,107,0,D1
18:04:00,91,105,0,D1
18:05:00,92,1,0,D1
18:06:00,94,88,0,D1
18:07:00,102,109,0,D1
18:08:00,106,44,0,D1
18:09:00,104,33,0,D1
18:10:00,106,18,0,D1
18:11:00,80,0,0,D1
18:12:00,76,12,0,D1
18:13:00,89,0,0,D1
18:14:00,85,0,0,D1
18:15:00,92,30,0,D1
18:16:00,94,53,0,D1
18:17:00,89,20,0,D1
18:18:00,93,36,0,D1
18:19:00,95,48,0,D1
18:20:00,104,104,0,D1
18:21:00,117,119,0,D1
18:22:00,114,120,0,D1
18:23:00,110,120,0,D1
18:24:00,105,116,0,D1
18:25:00,108,117,0,D1
18:26:00,107,123,0,D1
18:27:00,101,114,0,D1
18:28:00,86,117,0,D1
18:29:00,92,119,0,D1
18:30:00,95,117,0,D1
18:31:00,101,118,0,D1
18:32:00,100,112,0,D1
18:33:00,97,110,0,D1
18:34:00,97,100,0,D1
18:35:00,92,33,0,D1
18:36:00,94,22,0,D1
18:37:00,90,0,0,D1
18:38:00,83,0,0,D1
18:39:00,81,0,0,D1
18:40:00,83,0,0,D1
18:41:00,81,0,0,D1
18:42:00,82,0,0,D1
18:43:00,89,29,0,D1
18:44:00,99,84,0,D1
18:45:00,110,114,0,D1
18:46:00,103,27,0,D1
18:47:00,100,59,0,D1
18:48:00,97,26,0,D1
18:49:00,101,49,0,D1
18:50:00,106,24,0,D1
18:51:00,104,21,0,D1
18:52:00,108,21,0,D1
18:53:00,104,27,0,D1
18:54:00,105,12,0,D1
18:55:00,112,79,0,D1
18:56:00,118,67,0,D1
18:57:00,115,33,0,D1
18:58:00,107,1,0,D1
18:59:00,99,10,0,D1
19:00:00,89,0,0,D1
19:01:00,79,0,0,D1
19:02:00,112,0,0,D1
19:03:00,105,59,0,D1
19:04:00,103,108,0,D1
19:05:00,111,116,0,D1
19:06:00,117,66,0,D1
19:07:00,114,33,0,D1
19:08:00,104,7,0,D1
19:09:00,96,13,0,D1
19:10:00,89,0,0,D1
19:11:00,93,8,0,D1
19:12:00,89,0,0,D1
19:13:00,90,0,0,D1
19:14:00,82,0,0,D1
19:15:00,82,6,0,D1
19:16:00,85,7,0,D1
19:17:00,95,58,0,D1
19:18:00,102,103,0,D1
19:19:00,104,81,0,D1
19:20:00,115,0,0,D1
19:21:00,115,0,0,D1
19:23:00,115,0,0,D1
19:38:00,115,0,31,D1
19:39:00,110,0,26,D1
19:40:00,107,9,0,D1
19:41:00,94,0,0,D1
19:42:00,97,0,0,D1
19:43:00,94,0,0,D1
19:44:00,90,0,6,D1
19:45:00,83,0,0,D1
19:46:00,81,0,0,D1
19:47:00,80,0,0,D1
19:48:00,84,0,0,D1
19:49:00,78,0,0,D1
19:50:00,85,0,1,D1
19:51:00,80,0,0,D1
19:52:00,83,0,0,D1
19:53:00,77,0,0,D1
19:54:00,75,0,0,D1
19:55:00,82,0,0,D1
19:56:00,76,0,0,D1
19:57:00,78,0,0,D1
19:58:00,78,0,0,D1
19:59:00,78,0,0,D1
20:00:00,66,0,0,D1
20:01:00,72,0,0,D1
20:02:00,74,0,0,D1
20:03:00,75,0,0,D1
20:04:00,72,0,0,D1
20:05:00,75,0,0,D1
20:06:00,81,0,0,D1
20:07:00,83,0,0,D1
20:08:00,80,0,0,D1
20:09:00,79,0,0,D1
20:10:00,83,0,0,D1
20:11:00,84,0,0,D1
20:12:00,81,0,0,D1
20:13:00,81,0,0,D1
20:14:00,84,0,0,D1
20:15:00,80,0,0,D1
20:16:00,77,0,0,D1
20:17:00,76,0,0,D1
20:18:00,79,0,0,D1
20:19:00,80,0,0,D1
20:20:00,78,0,0,D1
20:21:00,78,0,0,D1
20:22:00,74,0,0,D1
20:23:00,76,25,0,D1
20:24:00,82,7,0,D1
20:25:00,78,0,0,D1
20:26:00,77,0,0,D1
20:27:00,79,0,0,D1
20:28:00,82,0,0,D1
20:29:00,82,0,0,D1
20:30:00,83,0,0,D1
20:31:00,80,0,0,D1
20:32:00,79,0,0,D1
20:33:00,74,0,0,D1
20:34:00,80,0,0,D1
20:35:00,80,0,0,D1
20:36:00,80,0,0,D1
20:37:00,80,0,0,D1
20:38:00,80,0,0,D1
20:39:00,80,0,0,D1
20:40:00,83,0,0,D1
20:41:00,79,0,0,D1
20:42:00,77,0,0,D1
20:43:00,80,0,0,D1
20:44:00,80,8,0,D1
20:45:00,77,6,0,D1
20:46:00,75,7,0,D1
20:47:00,78,0,0,D1
20:48:00,82,0,0,D1
20:49:00,82,0,0,D1
20:50:00,84,0,0,D1
20:51:00,86,19,0,D1
20:52:00,86,0,0,D1
20:53:00,85,4,0,D1
20:54:00,82,0,0,D1
20:55:00,83,0,0,D1
20:56:00,84,0,0,D1
20:57:00,85,0,1,D1
20:58:00,85,0,1,D1
20:59:00,82,0,0,D1
21:00:00,82,0,0,D1
21:01:00,84,0,0,D1
21:02:00,92,0,8,D1
21:03:00,93,0,9,D1
21:04:00,93,0,9,D1
21:05:00,89,0,5,D1
21:06:00,100,0,16,D1
21:07:00,91,0,7,D1
21:08:00,89,0,5,D1
21:09:00,86,0,2,D1
21:10:00,89,0,5,D1
21:11:00,94,0,10,D1
21:12:00,95,0,11,D1
21:13:00,92,0,8,D1
21:14:00,86,0,2,D1
21:15:00,86,6,0,D1
21:16:00,84,0,0,D1
21:17:00,88,0,0,D1
21:18:00,90,0,0,D1
21:19:00,89,0,5,D1
21:20:00,90,0,6,D1
21:21:00,95,0,11,D1
21:22:00,93,0,9,D1
21:23:00,84,0,0,D1
21:24:00,91,0,7,D1
21:25:00,95,0,11,D1
21:26:00,104,0,20,D1
21:27:00,100,0,16,D1
21:28:00,108,11,0,D1
21:29:00,93,0,0,D1
21:30:00,95,4,0,D1
21:31:00,86,0,0,D1
21:32:00,81,0,0,D1
21:33:00,77,0,0,D1
21:34:00,81,0,0,D1
21:35:00,76,4,0,D1
21:36:00,76,0,0,D1
21:37:00,76,0,0,D1
21:38:00,77,0,0,D1
21:45:00,77,0,0,D1
21:46:00,86,0,2,D1
21:47:00,89,0,5,D1
21:48:00,87,0,3,D1
21:49:00,85,0,1,D1
21:50:00,86,0,2,D1
21:51:00,84,0,0,D1
21:52:00,81,0,0,D1
21:53:00,82,0,0,D1
21:54:00,87,0,3,D1
21:55:00,81,0,0,D1
21:56:00,78,0,0,D1
21:57:00,75,0,0,D1
21:58:00,82,0,0,D1
21:59:00,85,0,1,D1
22:00:00,85,0,1,D1
22:01:00,86,0,2,D1
22:02:00,96,0,12,D1
22:03:00,89,0,5,D1
22:04:00,85,0,1,D1
22:05:00,81,0,0,D1
22:06:00,83,0,0,D1
22:07:00,83,0,0,D1
22:08:00,79,0,0,D1
22:09:00,83,0,0,D1
22:10:00,82,0,0,D1
22:11:00,83,0,0,D1
22:12:00,83,0,0,D1
22:13:00,84,0,0,D1
22:14:00,87,0,3,D1
22:15:00,85,0,1,D1
22:16:00,85,17,0,D1
22:17:00,86,0,0,D1
22:18:00,88,0,0,D1
22:19:00,83,0,0,D1
22:20:00,89,0,5,D1
22:21:00,87,0,3,D1
22:22:00,90,0,6,D1
22:23:00,82,0,0,D1
22:24:00,88,0,4,D1
22:25:00,90,0,6,D1
22:26:00,89,0,5,D1
22:27:00,89,0,5,D1
22:28:00,91,0,7,D1
22:29:00,94,5,0,D1
22:30:00,94,0,0,D1
22:31:00,89,0,0,D1
22:32:00,86,8,0,D1
22:33:00,87,0,0,D1
22:34:00,84,0,0,D1
22:35:00,80,0,0,D1
22:36:00,80,0,0,D1
22:37:00,81,0,0,D1
22:38:00,80,0,0,D1
22:39:00,78,0,0,D1
22:40:00,75,8,0,D1
22:41:00,78,0,0,D1
22:42:00,85,0,0,D1
22:43:00,78,0,0,D1
22:44:00,79,0,0,D1
22:45:00,79,0,0,D1
22:46:00,79,0,0,D1
22:47:00,79,0,0,D1
22:48:00,75,0,0,D1
22:49:00,73,0,0,D1
22:50:00,72,0,0,D1
22:51:00,73,0,0,D1
22:52:00,80,0,0,D1
22:53:00,80,0,0,D1
22:54:00,84,0,0,D1
22:55:00,82,0,0,D1
22:56:00,84,0,0,D1
22:57:00,89,0,5,D1
22:58:00,85,0,1,D1
22:59:00,88,0,4,D1
23:00:00,91,0,7,D1
23:01:00,85,0,1,D1
23:02:00,86,0,2,D1
23:03:00,83,0,0,D1
23:04:00,80,0,0,D1
23:05:00,81,0,0,D1
23:06:00,82,0,0,D1
23:07:00,83,0,0,D1
23:08:00,80,0,0,D1
23:09:00,81,0,0,D1
23:10:00,83,0,0,D1
23:11:00,78,0,0,D1
23:12:00,84,0,0,D1
23:13:00,83,0,0,D1
23:14:00,80,0,0,D1
23:15:00,78,0,0,D1
23:16:00,77,9,0,D1
23:17:00,85,0,0,D1
23:18:00,89,0,0,D1
23:19:00,91,0,0,D1
23:20:00,91,0,7,D1
23:21:00,82,0,0,D1
23:22:00,83,0,0,D1
23:23:00,87,0,3,D1
23:24:00,79,11,0,D1
23:25:00,69,0,0,D1
23:26:00,78,0,0,D1
23:27:00,80,0,0,D1
23:28:00,85,0,1,D1
23:29:00,79,0,0,D1
23:30:00,81,0,0,D1
23:31:00,84,0,0,D1
23:32:00,86,0,2,D1
23:33:00,75,0,0,D1
23:34:00,80,0,0,D1
23:35:00,84,12,0,D1
23:36:00,88,0,0,D1
23:37:00,84,0,0,D1
23:38:00,82,0,0,D1
23:39:00,81,0,0,D1
23:40:00,77,0,0,D1
23:41:00,76,0,0,D1
23:42:00,81,0,0,D1
23:43:00,84,0,0,D1
23:44:00,83,0,0,D1
23:45:00,83,0,0,D1
23:46:00,83,0,0,D1
23:47:00,84,0,0,D1
23:48:00,86,0,2,D1
23:49:00,86,0,2,D1
23:50:00,87,0,3,D1
23:51:00,85,0,1,D1
23:52:00,84,0,0,D1
23:53:00,86,0,2,D1
23:54:00,90,0,6,D1
23:55:00,82,0,0,D1
23:56:00,82,0,0,D1
23:57:00,83,0,0,D1
23:58:00,79,0,0,D1
23:59:00,80,0,0,D1
00:00:00,77,0,0,D2
00:01:00,81,0,0,D2
00:02:00,81,0,0,D2
00:03:00,81,0,0,D2
00:04:00,81,0,0,D2
00:05:00,81,0,0,D2
00:06:00,77,0,0,D2
00:07:00,78,0,0,D2
00:08:00,80,13,0,D2
00:09:00,81,8,0,D2
00:10:00,86,29,0,D2
00:11:00,101,48,0,D2
00:12:00,102,0,0,D2
00:13:00,87,0,0,D2
00:14:00,77,0,0,D2
00:15:00,78,0,0,D2
00:16:00,76,0,0,D2
00:17:00,73,0,0,D2
00:18:00,81,0,0,D2
00:19:00,86,0,2,D2
00:20:00,81,0,0,D2
00:21:00,84,0,0,D2
00:22:00,82,0,0,D2
00:23:00,84,0,0,D2
00:24:00,83,0,0,D2
00:25:00,80,0,0,D2
00:26:00,87,0,3,D2
00:27:00,85,0,1,D2
00:28:00,84,0,0,D2
00:29:00,82,0,0,D2
00:30:00,78,0,0,D2
00:31:00,78,0,0,D2
00:32:00,83,0,0,D2
00:33:00,82,0,0,D2
00:34:00,82,0,0,D2
00:35:00,80,0,0,D2
00:36:00,71,0,0,D2
00:37:00,73,0,0,D2
00:38:00,74,0,0,D2
00:39:00,76,7,0,D2
00:40:00,82,50,0,D2
00:41:00,89,23,0,D2
00:42:00,93,0,0,D2
00:43:00,78,0,0,D2
00:44:00,76,0,0,D2
00:45:00,74,0,0,D2
00:46:00,79,0,0,D2
00:47:00,82,0,0,D2
00:48:00,82,0,0,D2
00:49:00,81,0,0,D2
00:50:00,79,0,0,D2
00:51:00,82,0,0,D2
00:52:00,81,0,0,D2
00:53:00,80,0,0,D2
00:54:00,82,0,0,D2
00:55:00,80,0,0,D2
00:56:00,79,0,0,D2
00:57:00,79,0,0,D2
00:58:00,79,0,0,D2
00:59:00,79,0,0,D2
01:00:00,78,0,0,D2
01:01:00,82,0,0,D2
01:02:00,85,0,1,D2
01:03:00,82,0,0,D2
01:04:00,88,6,0,D2
01:05:00,89,0,0,D2
01:06:00,89,0,0,D2
01:07:00,86,0,0,D2
01:08:00,83,0,0,D2
01:09:00,81,0,0,D2
01:10:00,82,0,0,D2
01:11:00,82,0,0,D2
01:12:00,83,0,0,D2
01:13:00,83,0,0,D2
01:14:00,84,0,0,D2
01:15:00,87,0,3,D2
01:16:00,84,0,0,D2
01:17:00,81,0,0,D2
01:18:00,81,0,0,D2
01:19:00,80,0,0,D2
01:20:00,79,0,0,D2
01:21:00,85,0,1,D2
01:22:00,77,0,0,D2
01:23:00,78,0,0,D2
01:24:00,75,0,0,D2
01:25:00,76,0,0,D2
01:26:00,79,0,0,D2
01:27:00,77,0,0,D2
01:28:00,76,0,0,D2
01:29:00,76,0,0,D2
01:30:00,77,0,0,D2
01:31:00,76,0,0,D2
01:32:00,77,0,0,D2
01:33:00,78,0,0,D2
01:34:00,76,0,0,D2
01:35:00,78,0,0,D2
01:36:00,76,0,0,D2
01:37:00,76,0,0,D2
01:38:00,76,0,0,D2
01:39:00,77,0,0,D2
01:40:00,78,0,0,D2
01:41:00,78,0,0,D2
01:42:00,78,0,0,D2
01:43:00,78,0,0,D2
01:44:00,78,0,0,D2
01:45:00,77,0,0,D2
01:46:00,78,0,0,D2
01:47:00,76,0,0,D2
01:48:00,76,0,0,D2
01:49:00,76,0,0,D2
01:50:00,76,0,0,D2
01:51:00,77,0,0,D2
01:52:00,78,0,0,D2
01:53:00,77,0,0,D2
01:54:00,76,0,0,D2
01:55:00,76,0,0,D2
01:56:00,76,0,0,D2
01:57:00,75,0,0,D2
01:58:00,76,0,0,D2
01:59:00,74,0,0,D2
02:00:00,75,0,0,D2
02:01:00,74,0,0,D2
02:02:00,75,0,0,D2
02:03:00,74,0,0,D2
02:04:00,75,0,0,D2
02:05:00,74,0,0,D2
02:06:00,73,0,0,D2
02:07:00,73,0,0,D2
02:08:00,78,7,0,D2
02:09:00,77,0,0,D2
02:10:00,74,0,0,D2
02:11:00,77,0,0,D2
02:12:00,79,0,0,D2
02:13:00,84,0,0,D2
02:14:00,81,0,0,D2
02:15:00,83,0,0,D2
02:16:00,85,0,1,D2
02:17:00,83,0,0,D2
02:18:00,84,0,0,D2
02:19:00,83,0,0,D2
02:20:00,82,0,0,D2
02:21:00,83,0,0,D2
02:22:00,84,0,0,D2
02:23:00,77,0,0,D2
02:24:00,77,0,0,D2
02:25:00,79,0,0,D2
02:26:00,81,0,0,D2
02:27:00,80,0,0,D2
02:28:00,80,0,0,D2
02:29:00,83,0,0,D2
02:30:00,82,0,0,D2
02:31:00,83,0,0,D2
02:32:00,74,0,0,D2
02:33:00,76,0,0,D2
02:34:00,76,0,0,D2
02:35:00,76,0,0,D2
02:36:00,75,0,0,D2
02:37:00,76,0,0,D2
02:38:00,76,0,0,D2
02:39:00,76,0,0,D2
02:40:00,76,0,0,D2
02:41:00,76,0,0,D2
02:42:00,76,0,0,D2
02:43:00,77,0,0,D2
02:44:00,76,0,0,D2
02:45:00,75,0,0,D2
02:46:00,76,0,0,D2
02:47:00,75,0,0,D2
02:48:00,75,0,0,D2
02:49:00,75,0,0,D2
02:50:00,74,0,0,D2
02:51:00,74,0,0,D2
02:52:00,75,0,0,D2
02:53:00,72,0,0,D2
02:54:00,72,0,0,D2
02:55:00,71,0,0,D2
02:56:00,72,0,0,D2
02:57:00,71,0,0,D2
02:58:00,72,0,0,D2
02:59:00,72,0,0,D2
03:00:00,73,0,0,D2
03:01:00,74,0,0,D2
03:02:00,73,0,0,D2
03:03:00,68,0,0,D2
03:04:00,69,0,0,D2
03:05:00,70,0,0,D2
03:06:00,70,0,0,D2
03:07:00,70,0,0,D2
03:08:00,71,0,0,D2
03:09:00,71,0,0,D2
03:10:00,71,0,0,D2
03:11:00,71,0,0,D2
03:12:00,71,0,0,D2
03:13:00,67,0,0,D2
03:14:00,70,0,0,D2
03:15:00,70,0,0,D2
03:16:00,69,0,0,D2
03:17:00,70,0,0,D2
03:18:00,69,0,0,D2
03:19:00,68,0,0,D2
03:20:00,69,0,0,D2
03:21:00,69,0,0,D2
03:22:00,69,0,0,D2
03:23:00,70,0,0,D2
03:24:00,70,0,0,D2
03:25:00,69,0,0,D2
03:26:00,69,0,0,D2
03:27:00,68,0,0,D2
03:28:00,69,0,0,D2
03:29:00,69,0,0,D2
03:30:00,69,0,0,D2
03:31:00,68,0,0,D2
03:32:00,69,0,0,D2
03:33:00,74,0,0,D2
03:34:00,66,0,0,D2
03:35:00,71,0,0,D2
03:36:00,68,0,0,D2
03:37:00,68,0,0,D2
03:38:00,72,0,0,D2
03:39:00,72,0,0,D2
03:40:00,72,0,0,D2
03:41:00,71,0,0,D2
03:42:00,72,0,0,D2
03:43:00,76,0,0,D2
03:44:00,75,0,0,D2
03:45:00,78,0,0,D2
03:46:00,79,0,0,D2
03:47:00,73,0,0,D2
03:48:00,74,0,0,D2
03:49:00,75,0,0,D2
03:50:00,67,0,0,D2
03:51:00,70,0,0,D2
03:52:00,71,0,0,D2
03:53:00,74,0,0,D2
03:54:00,70,0,0,D2
03:55:00,69,0,0,D2
03:56:00,71,0,0,D2
03:57:00,69,0,0,D2
03:58:00,69,0,0,D2
03:59:00,70,0,0,D2
04:00:00,70,0,0,D2
04:01:00,70,0,0,D2
04:02:00,71,0,0,D2
04:03:00,71,0,0,D2
04:04:00,69,0,0,D2
04:05:00,72,0,0,D2
04:06:00,72,0,0,D2
04:07:00,71,0,0,D2
04:08:00,73,0,0,D2
04:09:00,69,0,0,D2
04:10:00,70,0,0,D2
04:11:00,72,0,0,D2
04:12:00,71,0,0,D2
04:13:00,69,0,0,D2
04:14:00,67,0,0,D2
04:15:00,72,0,0,D2
04:16:00,67,0,0,D2
04:17:00,72,0,0,D2
04:18:00,73,0,0,D2
04:19:00,72,0,0,D2
04:20:00,73,0,0,D2
04:21:00,73,0,0,D2
04:22:00,74,0,0,D2
04:23:00,74,0,0,D2
04:24:00,74,0,0,D2
04:25:00,74,0,0,D2
04:26:00,74,0,0,D2
04:27:00,75,0,0,D2
04:28:00,74,0,0,D2
04:29:00,74,0,0,D2
04:30:00,74,0,0,D2
04:31:00,74,0,0,D2
04:32:00,74,0,0,D2
04:33:00,74,0,0,D2
04:34:00,74,0,0,D2
04:35:00,74,0,0,D2
04:36:00,75,0,0,D2
04:37:00,73,0,0,D2
04:38:00,73,0,0,D2
04:39:00,74,0,0,D2
04:40:00,74,0,0,D2
04:41:00,74,0,0,D2
04:42:00,73,0,0,D2
04:43:00,74,0,0,D2
04:44:00,72,0,0,D2
04:45:00,74,0,0,D2
04:46:00,72,0,0,D2
04:47:00,76,0,0,D2
04:48:00,69,4,0,D2
04:49:00,73,0,0,D2
04:50:00,68,0,0,D2
04:51:00,68,0,0,D2
04:52:00,66,0,0,D2
04:53:00,65,0,0,D2
04:54:00,64,0,0,D2
04:56:00,64,0,0,D2
04:57:00,64,0,0,D2
04:58:00,62,0,0,D2
05:02:00,66,0,0,D2
05:03:00,64,0,0,D2
05:04:00,64,0,0,D2
05:05:00,64,0,0,D2
05:06:00,64,0,0,D2
05:09:00,62,0,0,D2
05:10:00,61,0,0,D2
05:11:00,62,0,0,D2
05:12:00,60,0,0,D2
05:13:00,60,0,0,D2
05:14:00,60,0,0,D2
05:15:00,60,0,0,D2
05:16:00,60,0,0,D2
05:17:00,62,0,0,D2
05:18:00,62,0,0,D2
05:19:00,63,0,0,D2
05:20:00,63,0,0,D2
05:21:00,62,0,0,D2
05:22:00,61,0,0,D2
05:23:00,61,0,0,D2
05:24:00,61,0,0,D2
05:25:00,61,0,0,D2
05:26:00,60,0,0,D2
05:27:00,60,0,0,D2
05:28:00,66,0,0,D2
05:29:00,68,0,0,D2
05:30:00,67,0,0,D2
05:31:00,72,0,0,D2
05:32:00,72,0,0,D2
05:33:00,68,0,0,D2
05:34:00,71,0,0,D2
05:35:00,70,0,0,D2
05:36:00,69,0,0,D2
05:37:00,67,0,0,D2
05:38:00,68,0,0,D2
05:39:00,73,0,0,D2
05:40:00,71,0,0,D2
05:41:00,71,0,0,D2
05:42:00,69,0,0,D2
05:43:00,71,0,0,D2
05:44:00,70,0,0,D2
05:45:00,71,0,0,D2
05:46:00,73,0,0,D2
05:47:00,74,0,0,D2
05:48:00,74,0,0,D2
05:49:00,73,0,0,D2
05:50:00,73,0,0,D2
05:51:00,75,0,0,D2
05:52:00,74,0,0,D2
05:53:00,73,0,0,D2
05:54:00,73,0,0,D2
05:55:00,70,0,0,D2
05:56:00,73,0,0,D2
05:57:00,73,0,0,D2
05:58:00,73,0,0,D2
05:59:00,72,0,0,D2
06:00:00,73,0,0,D2
06:01:00,71,0,0,D2
06:02:00,71,0,0,D2
06:03:00,72,0,0,D2
06:04:00,69,0,0,D2
06:05:00,70,0,0,D2
06:06:00,71,0,0,D2
06:07:00,69,0,0,D2
06:08:00,69,0,0,D2
06:09:00,71,0,0,D2
06:10:00,71,0,0,D2
06:11:00,72,0,0,D2
06:12:00,72,0,0,D2
06:13:00,73,0,0,D2
06:14:00,72,0,0,D2
06:15:00,70,0,0,D2
06:16:00,72,0,0,D2
06:17:00,75,0,0,D2
06:18:00,77,0,0,D2
06:19:00,71,0,0,D2
06:20:00,69,0,0,D2
06:21:00,72,0,0,D2
06:22:00,68,0,0,D2
06:23:00,69,0,0,D2
06:24:00,68,0,0,D2
06:25:00,70,0,0,D2
06:26:00,72,0,0,D2
06:27:00,68,0,0,D2
06:28:00,67,0,0,D2
06:29:00,70,0,0,D2
06:30:00,69,0,0,D2
06:31:00,71,0,0,D2
06:32:00,70,0,0,D2
06:33:00,69,0,0,D2
06:34:00,70,0,0,D2
06:35:00,71,0,0,D2
06:36:00,70,0,0,D2
06:37:00,70,0,0,D2
06:38:00,70,0,0,D2
06:39:00,69,0,0,D2
06:40:00,70,0,0,D2
06:41:00,69,0,0,D2
06:42:00,71,0,0,D2
06:43:00,71,0,0,D2
06:44:00,70,0,0,D2
06:45:00,79,0,0,D2
06:46:00,76,0,0,D2
06:47:00,73,0,0,D2
06:48:00,73,0,0,D2
06:49:00,73,0,0,D2
06:50:00,76,0,0,D2
06:51:00,69,0,0,D2
06:52:00,71,0,0,D2
06:53:00,70,0,0,D2
06:54:00,70,0,0,D2
06:55:00,73,0,0,D2
06:56:00,72,0,0,D2
06:57:00,70,0,0,D2
06:58:00,72,0,0,D2
06:59:00,70,0,0,D2
07:00:00,71,0,0,D2
07:01:00,69,0,0,D2
07:02:00,73,0,0,D2
07:03:00,71,0,0,D2
07:04:00,72,0,0,D2
07:05:00,72,0,0,D2
07:06:00,72,0,0,D2
07:07:00,74,0,0,D2
07:08:00,72,0,0,D2
07:09:00,74,0,0,D2
07:10:00,73,0,0,D2
07:11:00,72,0,0,D2
07:12:00,69,0,0,D2
07:13:00,74,0,0,D2
07:14:00,84,0,0,D2
07:15:00,79,0,0,D2
07:16:00,74,0,0,D2
07:17:00,75,0,0,D2
07:18:00,78,0,0,D2
07:19:00,75,0,0,D2
07:20:00,77,0,0,D2
07:21:00,77,0,0,D2
07:22:00,76,0,0,D2
07:23:00,77,0,0,D2
07:24:00,73,0,0,D2
07:25:00,74,0,0,D2
07:26:00,74,0,0,D2
07:27:00,73,0,0,D2
07:28:00,73,0,0,D2
07:29:00,78,0,0,D2
07:30:00,81,0,0,D2
07:31:00,76,0,0,D2
07:32:00,75,0,0,D2
07:33:00,80,0,0,D2
07:34:00,82,0,0,D2
07:35:00,76,0,0,D2
07:36:00,76,0,0,D2
07:37:00,77,0,0,D2
07:38:00,76,0,0,D2
07:39:00,73,0,0,D2
07:40:00,71,0,0,D2
07:41:00,75,0,0,D2
07:42:00,71,0,0,D2
07:43:00,65,0,0,D2
07:44:00,74,0,0,D2
07:45:00,70,0,0,D2
07:46:00,67,0,0,D2
07:47:00,73,0,0,D2
07:48:00,71,0,0,D2
07:49:00,69,0,0,D2
07:50:00,73,0,0,D2
07:51:00,70,0,0,D2
07:52:00,71,0,0,D2
07:53:00,70,0,0,D2
07:54:00,69,0,0,D2
07:55:00,71,6,0,D2
07:56:00,69,0,0,D2
07:57:00,69,0,0,D2
07:58:00,71,0,0,D2
07:59:00,71,0,0,D2
08:00:00,70,0,0,D2
08:01:00,72,0,0,D2
08:02:00,70,0,0,D2
08:03:00,71,0,0,D2
08:04:00,72,0,0,D2
08:05:00,69,0,0,D2
08:06:00,71,0,0,D2
08:07:00,72,0,0,D2
08:08:00,71,0,0,D2
08:09:00,70,0,0,D2
08:10:00,69,0,0,D2
08:11:00,66,0,0,D2
08:12:00,64,0,0,D2
08:13:00,70,0,0,D2
08:14:00,70,0,0,D2
08:15:00,70,0,0,D2
08:16:00,73,0,0,D2
08:17:00,72,0,0,D2
08:18:00,72,0,0,D2
08:19:00,70,0,0,D2
08:20:00,72,0,0,D2
08:21:00,71,0,0,D2
08:22:00,72,0,0,D2
08:23:00,73,0,0,D2
08:24:00,73,0,0,D2
08:25:00,73,0,0,D2
08:26:00,71,0,0,D2
08:27:00,73,0,0,D2
08:28:00,71,0,0,D2
08:29:00,72,0,0,D2
08:30:00,72,0,0,D2
08:31:00,71,0,0,D2
08:32:00,71,0,0,D2
08:33:00,72,0,0,D2
08:34:00,70,0,0,D2
08:35:00,72,0,0,D2
08:36:00,70,0,0,D2
08:37:00,71,0,0,D2
08:38:00,71,0,0,D2
08:39:00,76,0,0,D2
08:40:00,75,0,0,D2
08:41:00,69,0,0,D2
08:42:00,73,0,0,D2
08:43:00,71,0,0,D2
08:44:00,72,0,0,D2
08:45:00,71,0,0,D2
08:46:00,71,0,0,D2
08:47:00,71,0,0,D2
08:48:00,69,0,0,D2
08:49:00,71,0,0,D2
08:50:00,71,0,0,D2
08:51:00,72,0,0,D2
08:52:00,72,0,0,D2
08:53:00,75,0,0,D2
08:54:00,75,0,0,D2
08:55:00,68,0,0,D2
08:56:00,73,0,0,D2
08:57:00,71,0,0,D2
08:58:00,73,0,0,D2
08:59:00,74,0,0,D2
09:00:00,78,0,0,D2
09:01:00,72,0,0,D2
09:02:00,73,0,0,D2
09:03:00,72,0,0,D2
09:04:00,74,0,0,D2
09:05:00,71,0,0,D2
09:06:00,73,0,0,D2
09:07:00,76,0,0,D2
09:08:00,80,0,0,D2
09:09:00,75,0,0,D2
09:10:00,74,0,0,D2
09:11:00,72,0,0,D2
09:12:00,74,0,0,D2
09:13:00,71,0,0,D2
09:14:00,73,0,0,D2
09:15:00,71,0,0,D2
09:16:00,71,0,0,D2
09:17:00,71,0,0,D2
09:18:00,71,0,0,D2
09:19:00,71,0,0,D2
09:20:00,66,0,0,D2
09:21:00,70,0,0,D2
09:22:00,73,0,0,D2
09:23:00,69,0,0,D2
09:24:00,76,0,0,D2
09:25:00,66,0,0,D2
09:26:00,63,0,0,D2
09:27:00,70,0,0,D2
09:28:00,71,0,0,D2
09:29:00,70,0,0,D2
09:30:00,64,0,0,D2
09:31:00,71,0,0,D2
09:32:00,66,0,0,D2
09:33:00,72,0,0,D2
09:34:00,69,0,0,D2
09:35:00,70,0,0,D2
09:36:00,69,0,0,D2
09:37:00,69,0,0,D2
09:38:00,73,0,0,D2
09:39:00,66,0,0,D2
09:40:00,68,0,0,D2
09:41:00,70,0,0,D2
09:42:00,71,0,0,D2
09:43:00,69,0,0,D2
09:44:00,69,0,0,D2
09:45:00,71,0,0,D2
09:46:00,71,0,0,D2
09:47:00,73,0,0,D2
09:48:00,71,0,0,D2
09:49:00,72,0,0,D2
09:50:00,74,0,0,D2
09:51:00,68,0,0,D2
09:52:00,68,0,0,D2
09:53:00,67,0,0,D2
09:54:00,71,0,0,D2
09:55:00,69,0,0,D2
09:56:00,71,0,0,D2
09:57:00,72,0,0,D2
09:58:00,72,0,0,D2
09:59:00,68,0,0,D2
10:00:00,69,0,0,D2
10:01:00,72,13,0,D2
10:02:00,81,5,0,D2
10:03:00,92,26,0,D2
10:04:00,94,12,0,D2
10:05:00,96,10,0,D2
10:06:00,76,0,0,D2
10:07:00,64,0,0,D2
10:08:00,67,0,0,D2
10:09:00,71,0,0,D2
10:10:00,70,0,0,D2
10:11:00,65,0,0,D2
10:12:00,72,0,0,D2
10:13:00,74,0,0,D2
10:14:00,73,0,0,D2
10:15:00,71,0,0,D2
10:16:00,71,0,0,D2
10:17:00,77,0,0,D2
10:18:00,73,0,0,D2
10:19:00,72,0,0,D2
10:20:00,71,0,0,D2
10:21:00,71,0,0,D2
10:22:00,72,0,0,D2
10:23:00,72,0,0,D2
10:24:00,74,0,0,D2
10:25:00,77,0,0,D2
10:26:00,79,0,0,D2
10:27:00,69,0,0,D2
10:28:00,69,0,0,D2
10:29:00,78,0,0,D2
10:30:00,75,0,0,D2
10:31:00,77,0,0,D2
10:32:00,77,0,0,D2
10:33:00,77,0,0,D2
10:34:00,77,0,0,D2
10:35:00,78,0,0,D2
10:36:00,77,0,0,D2
10:37:00,77,0,0,D2
10:40:00,77,0,0,D2
10:41:00,77,0,0,D2
10:43:00,76,0,0,D2
10:44:00,76,0,0,D2
10:46:00,76,0,0,D2
10:47:00,76,0,0,D2
10:48:00,76,0,0,D2
10:49:00,76,0,0,D2
10:50:00,76,0,0,D2
10:51:00,76,0,0,D2
10:52:00,79,0,0,D2
10:53:00,79,0,0,D2
10:54:00,79,0,0,D2
10:56:00,84,0,0,D2
10:57:00,86,0,2,D2
10:59:00,86,0,2,D2
11:00:00,86,0,2,D2
11:01:00,86,0,2,D2
11:02:00,87,0,3,D2
11:03:00,88,0,4,D2
11:04:00,85,0,1,D2
11:05:00,88,6,0,D2
11:06:00,98,19,0,D2
11:07:00,100,28,0,D2
11:08:00,87,8,0,D2
11:09:00,87,0,0,D2
11:10:00,91,79,0,D2
11:11:00,101,98,0,D2
11:12:00,128,117,0,D2
11:13:00,124,121,0,D2
11:14:00,119,123,0,D2
11:15:00,121,122,0,D2
11:16:00,117,119,0,D2
11:17:00,117,122,0,D2
11:18:00,129,123,0,D2
11:19:00,118,127,0,D2
11:20:00,122,127,0,D2
11:21:00,131,133,0,D2
11:22:00,109,124,0,D2
11:23:00,120,129,0,D2
11:24:00,124,130,0,D2
11:25:00,119,67,0,D2
11:26:00,107,33,0,D2
11:27:00,94,60,0,D2
11:28:00,87,0,0,D2
11:29:00,76,14,0,D2
11:30:00,75,0,0,D2
11:31:00,81,0,0,D2
11:32:00,87,7,0,D2
11:33:00,83,6,0,D2
11:34:00,85,0,0,D2
11:35:00,84,0,0,D2
11:36:00,79,0,0,D2
11:37:00,75,0,0,D2
11:38:00,79,0,0,D2
11:39:00,86,0,2,D2
11:40:00,88,0,4,D2
11:41:00,88,0,4,D2
11:42:00,82,0,0,D2
11:43:00,83,0,0,D2
11:44:00,84,0,0,D2
11:45:00,84,0,0,D2
11:46:00,81,0,0,D2
11:47:00,84,0,0,D2
11:48:00,87,0,3,D2
11:49:00,84,0,0,D2
11:50:00,85,0,1,D2
11:51:00,81,0,0,D2
11:52:00,84,0,0,D2
11:53:00,82,0,0,D2
11:54:00,74,0,0,D2
11:55:00,79,0,0,D2
11:56:00,79,0,0,D2
11:57:00,81,0,0,D2
11:58:00,80,0,0,D2
11:59:00,77,0,0,D2
12:00:00,79,0,0,D2
12:01:00,79,0,0,D2
12:02:00,80,0,0,D2
12:03:00,87,0,3,D2
12:04:00,83,6,0,D2
12:05:00,79,0,0,D2
12:06:00,84,0,0,D2
12:07:00,80,0,0,D2
12:08:00,71,0,0,D2
12:09:00,78,0,0,D2
12:10:00,94,0,10,D2
12:11:00,86,0,2,D2
12:12:00,80,0,0,D2
12:13:00,84,0,0,D2
12:14:00,77,0,0,D2
12:15:00,82,0,0,D2
12:16:00,81,0,0,D2
12:17:00,87,0,3,D2
12:18:00,85,0,1,D2
12:19:00,84,0,0,D2
12:20:00,79,0,0,D2
12:21:00,86,0,2,D2
12:22:00,87,0,3,D2
12:23:00,89,0,5,D2
12:24:00,81,0,0,D2
12:25:00,86,0,2,D2
12:26:00,84,0,0,D2
12:27:00,84,0,0,D2
12:28:00,80,0,0,D2
12:29:00,90,0,6,D2
12:30:00,92,0,8,D2
12:31:00,82,0,0,D2
12:32:00,81,0,0,D2
12:33:00,75,0,0,D2
12:34:00,83,0,0,D2
12:35:00,81,0,0,D2
12:36:00,79,0,0,D2
12:37:00,80,0,0,D2
12:38:00,84,0,0,D2
12:39:00,84,0,0,D2
12:40:00,83,0,0,D2
12:41:00,77,0,0,D2
12:42:00,78,0,0,D2
12:43:00,83,0,0,D2
12:44:00,85,0,1,D2
12:45:00,81,0,0,D2
12:46:00,77,0,0,D2
12:47:00,73,0,0,D2
12:48:00,80,0,0,D2
12:49:00,78,0,0,D2
12:50:00,79,8,0,D2
12:51:00,82,34,0,D2
12:52:00,86,14,0,D2
12:53:00,87,62,0,D2
12:54:00,85,18,0,D2
12:55:00,83,0,0,D2
12:56:00,86,18,0,D2
12:57:00,98,113,0,D2
12:58:00,106,110,0,D2
12:59:00,102,89,0,D2
13:00:00,101,107,0,D2
13:01:00,94,35,0,D2
13:02:00,83,32,0,D2
13:03:00,80,0,0,D2
13:04:00,81,0,0,D2
13:05:00,84,0,0,D2
13:06:00,86,0,0,D2
13:07:00,80,0,0,D2
13:08:00,77,0,0,D2
13:09:00,79,0,0,D2
13:10:00,75,4,0,D2
13:11:00,74,0,0,D2
13:12:00,77,0,0,D2
13:13:00,76,0,0,D2
13:14:00,78,0,0,D2
13:15:00,77,0,0,D2
13:16:00,76,0,0,D2
13:17:00,76,0,0,D2
13:18:00,73,0,0,D2
13:19:00,68,0,0,D2
13:20:00,81,0,0,D2
13:21:00,80,18,0,D2
13:22:00,86,60,0,D2
13:23:00,89,26,0,D2
13:24:00,77,52,0,D2
13:25:00,100,104,0,D2
13:26:00,92,60,0,D2
13:27:00,98,123,0,D2
13:28:00,108,120,0,D2
13:29:00,109,120,0,D2
13:30:00,106,121,0,D2
13:31:00,108,120,0,D2
13:32:00,98,121,0,D2
13:33:00,94,125,0,D2
13:34:00,97,80,0,D2
13:35:00,98,119,0,D2
13:36:00,110,129,0,D2
13:37:00,128,133,0,D2
13:38:00,129,132,0,D2
13:39:00,121,112,0,D2
13:40:00,113,102,0,D2
13:41:00,104,102,0,D2
13:42:00,90,73,0,D2
13:43:00,77,13,0,D2
13:44:00,70,0,0,D2
13:45:00,68,0,0,D2
13:46:00,72,5,0,D2
13:47:00,82,8,0,D2
13:48:00,83,8,0,D2
13:49:00,84,0,0,D2
13:50:00,75,0,0,D2
13:51:00,74,0,0,D2
13:52:00,63,0,0,D2
13:53:00,62,0,0,D2
13:54:00,63,0,0,D2
13:55:00,65,20,0,D2
13:56:00,76,0,0,D2
13:57:00,78,0,0,D2
13:58:00,75,0,0,D2
13:59:00,76,0,0,D2
14:00:00,83,0,0,D2
14:01:00,88,0,4,D2
14:02:00,85,0,1,D2
14:03:00,84,11,0,D2
14:04:00,93,55,0,D2
14:05:00,95,0,0,D2
14:06:00,83,0,0,D2
14:07:00,80,0,0,D2
14:08:00,89,16,0,D2
14:09:00,90,0,0,D2
14:10:00,87,0,0,D2
14:11:00,86,0,0,D2
14:12:00,87,8,0,D2
14:13:00,84,4,0,D2
14:14:00,80,0,0,D2
14:15:00,76,13,0,D2
14:16:00,78,80,0,D2
14:17:00,94,117,0,D2
14:18:00,117,121,0,D2
14:19:00,112,120,0,D2
14:20:00,110,116,0,D2
14:21:00,112,121,0,D2
14:22:00,110,122,0,D2
14:23:00,107,117,0,D2
14:24:00,100,119,0,D2
14:25:00,99,123,0,D2
14:26:00,100,121,0,D2
14:27:00,101,84,0,D2
14:28:00,103,126,0,D2
14:29:00,109,128,0,D2
14:30:00,104,112,0,D2
14:31:00,92,65,0,D2
14:32:00,83,0,0,D2
14:33:00,84,9,0,D2
14:34:00,85,0,0,D2
14:35:00,83,0,0,D2
14:36:00,83,0,0,D2
14:37:00,86,0,0,D2
14:38:00,84,0,0,D2
14:39:00,85,0,1,D2
14:40:00,89,0,5,D2
14:41:00,89,0,5,D2
14:42:00,91,0,7,D2
14:43:00,88,0,4,D2
14:44:00,86,0,2,D2
14:45:00,86,0,2,D2
14:46:00,83,0,0,D2
14:47:00,88,0,4,D2
14:48:00,86,0,2,D2
14:49:00,85,0,1,D2
14:50:00,91,0,7,D2
14:51:00,88,0,4,D2
14:52:00,81,0,0,D2
14:53:00,81,0,0,D2
14:54:00,80,0,0,D2
14:55:00,79,0,0,D2
14:56:00,81,0,0,D2
14:57:00,81,0,0,D2
14:58:00,80,0,0,D2
14:59:00,76,0,0,D2
15:00:00,76,0,0,D2
15:01:00,78,0,0,D2
15:02:00,83,0,0,D2
15:03:00,84,0,0,D2
15:04:00,85,0,1,D2
15:05:00,85,0,1,D2
15:06:00,89,0,5,D2
15:07:00,87,0,3,D2
15:08:00,81,0,0,D2
15:09:00,83,0,0,D2
15:10:00,90,0,6,D2
15:11:00,87,0,3,D2
15:12:00,88,0,4,D2
15:13:00,81,0,0,D2
15:14:00,85,0,1,D2
15:15:00,89,0,5,D2
15:16:00,86,0,2,D2
15:17:00,83,0,0,D2
15:18:00,80,0,0,D2
15:19:00,78,0,0,D2
15:20:00,71,0,0,D2
15:21:00,84,0,0,D2
15:22:00,90,0,6,D2
15:23:00,79,0,0,D2
15:24:00,82,0,0,D2
15:25:00,84,0,0,D2
15:26:00,86,0,2,D2
15:27:00,88,0,4,D2
15:28:00,86,0,2,D2
15:29:00,81,0,0,D2
15:30:00,87,0,3,D2
15:31:00,80,0,0,D2
15:32:00,80,0,0,D2
15:33:00,79,0,0,D2
15:34:00,82,0,0,D2
15:35:00,85,0,1,D2
15:36:00,83,0,0,D2
15:37:00,88,0,4,D2
15:38:00,81,0,0,D2
15:39:00,82,0,0,D2
15:40:00,84,0,0,D2
15:41:00,81,0,0,D2
15:42:00,91,0,7,D2
15:43:00,80,0,0,D2
15:44:00,86,0,2,D2
15:45:00,85,0,1,D2
15:46:00,82,0,0,D2
15:47:00,79,0,0,D2
15:48:00,86,0,2,D2
15:49:00,87,0,3,D2
15:50:00,93,0,9,D2
15:51:00,93,0,9,D2
15:52:00,89,0,5,D2
15:53:00,87,0,3,D2
15:54:00,77,0,0,D2
15:55:00,82,9,0,D2
15:56:00,82,8,0,D2
15:57:00,83,13,0,D2
15:58:00,88,45,0,D2
15:59:00,87,7,0,D2
16:00:00,87,32,0,D2
16:01:00,86,0,0,D2
16:02:00,84,0,0,D2
16:03:00,82,45,0,D2
16:04:00,88,88,0,D2
16:05:00,100,130,0,D2
16:06:00,114,132,0,D2
16:07:00,125,134,0,D2
16:08:00,129,123,0,D2
16:09:00,129,130,0,D2
16:10:00,132,133,0,D2
16:11:00,133,131,0,D2
16:12:00,130,124,0,D2
16:13:00,125,123,0,D2
16:14:00,123,118,0,D2
16:15:00,125,123,0,D2
16:16:00,128,118,0,D2
16:17:00,115,98,0,D2
16:18:00,107,24,0,D2
16:19:00,108,0,0,D2
16:20:00,108,0,0,D2
16:26:00,109,0,25,D2
16:27:00,109,0,25,D2
16:30:00,107,0,23,D2
16:31:00,106,0,22,D2
16:56:00,105,9,0,D2
16:57:00,105,0,0,D2
16:58:00,102,0,0,D2
16:59:00,88,0,0,D2
17:00:00,82,0,0,D2
17:01:00,80,0,0,D2
17:02:00,79,0,0,D2
17:03:00,79,0,0,D2
17:04:00,81,0,0,D2
17:05:00,82,26,0,D2
17:06:00,94,40,0,D2
17:07:00,102,26,0,D2
17:08:00,103,0,0,D2
17:09:00,81,0,0,D2
17:10:00,81,0,0,D2
17:11:00,81,0,0,D2
17:12:00,80,0,0,D2
17:13:00,78,0,0,D2
17:14:00,81,0,0,D2
17:15:00,83,0,0,D2
17:16:00,83,0,0,D2
17:17:00,78,0,0,D2
17:18:00,74,0,0,D2
17:19:00,78,0,0,D2
17:20:00,80,0,0,D2
17:21:00,82,0,0,D2
17:22:00,80,0,0,D2
17:23:00,83,0,0,D2
17:24:00,84,0,0,D2
17:25:00,80,0,0,D2
17:26:00,87,0,3,D2
17:27:00,86,19,0,D2
17:28:00,89,19,0,D2
17:29:00,91,22,0,D2
17:30:00,86,7,0,D2
17:31:00,76,0,0,D2
17:32:00,77,0,0,D2
17:33:00,78,0,0,D2
17:34:00,78,0,0,D2
17:35:00,79,0,0,D2
17:36:00,79,0,0,D2
17:37:00,80,0,0,D2
17:55:00,80,0,0,D2
18:01:00,79,0,0,D2
18:02:00,79,0,0,D2
18:03:00,77,0,0,D2
18:04:00,78,0,0,D2
18:05:00,81,0,0,D2
18:06:00,79,0,0,D2
18:07:00,77,0,0,D2
18:08:00,82,0,0,D2
18:09:00,87,31,0,D2
18:10:00,84,2,0,D2
18:11:00,79,0,0,D2
18:12:00,83,0,0,D2
18:13:00,81,0,0,D2
18:14:00,81,0,0,D2
18:15:00,84,0,0,D2
18:16:00,84,0,0,D2
18:17:00,77,0,0,D2
18:18:00,80,27,0,D2
18:19:00,83,0,0,D2
18:20:00,87,0,0,D2
18:21:00,84,0,0,D2
18:22:00,82,0,0,D2
18:23:00,82,0,0,D2
18:24:00,90,0,6,D2
18:25:00,92,0,8,D2
18:26:00,90,0,6,D2
18:27:00,88,35,0,D2
18:28:00,89,0,0,D2
18:29:00,82,0,0,D2
18:30:00,84,0,0,D2
18:31:00,84,28,0,D2
18:32:00,84,0,0,D2
18:33:00,82,0,0,D2
18:34:00,83,0,0,D2
18:35:00,84,0,0,D2
18:36:00,81,0,0,D2
18:37:00,80,0,0,D2
18:38:00,80,0,0,D2
18:39:00,80,0,0,D2
18:40:00,88,0,4,D2
18:41:00,84,0,0,D2
18:42:00,87,0,3,D2
18:43:00,81,0,0,D2
18:44:00,86,0,2,D2
18:45:00,86,0,2,D2
18:46:00,82,0,0,D2
18:47:00,82,0,0,D2
18:48:00,84,0,0,D2
18:49:00,85,0,1,D2
18:50:00,82,0,0,D2
18:51:00,84,0,0,D2
18:52:00,83,0,0,D2
18:53:00,84,0,0,D2
18:54:00,85,0,1,D2
18:55:00,80,0,0,D2
18:56:00,70,0,0,D2
18:57:00,74,0,0,D2
18:58:00,81,5,0,D2
18:59:00,78,6,0,D2
19:00:00,74,0,0,D2
19:01:00,76,0,0,D2
19:02:00,90,0,0,D2
19:03:00,87,0,3,D2
19:04:00,90,0,6,D2
19:05:00,91,0,7,D2
19:06:00,93,0,9,D2
19:07:00,91,0,7,D2
19:08:00,88,0,4,D2
19:09:00,90,24,0,D2
19:10:00,90,15,0,D2
19:11:00,97,33,0,D2
19:12:00,100,0,0,D2
19:13:00,87,0,0,D2
19:14:00,82,0,0,D2
19:15:00,73,0,0,D2
19:16:00,75,0,0,D2
19:17:00,80,0,0,D2
19:18:00,75,0,0,D2
19:19:00,77,0,0,D2
19:20:00,77,0,0,D2
19:21:00,77,0,0,D2
19:22:00,77,0,0,D2
19:23:00,79,9,0,D2
19:24:00,86,0,0,D2
19:25:00,87,0,0,D2
19:26:00,86,0,0,D2
19:27:00,81,0,0,D2
19:28:00,80,0,0,D2
19:29:00,80,0,0,D2
19:30:00,80,0,0,D2
19:31:00,91,0,7,D2
19:32:00,83,0,0,D2
19:33:00,81,0,0,D2
19:34:00,81,0,0,D2
19:35:00,82,0,0,D2
19:36:00,83,0,0,D2
19:37:00,88,0,4,D2
19:38:00,77,0,0,D2
19:39:00,78,0,0,D2
19:40:00,78,0,0,D2
19:41:00,80,0,0,D2
19:42:00,87,0,3,D2
19:43:00,86,0,2,D2
19:44:00,87,0,3,D2
19:45:00,75,0,0,D2
19:46:00,82,0,0,D2
19:47:00,86,0,2,D2
19:48:00,82,0,0,D2
19:49:00,82,0,0,D2
19:50:00,83,0,0,D2
19:51:00,80,0,0,D2
19:52:00,78,0,0,D2
19:53:00,89,0,5,D2
19:54:00,91,0,7,D2
19:55:00,84,4,0,D2
19:56:00,83,0,0,D2
19:57:00,85,0,0,D2
19:58:00,82,0,0,D2
19:59:00,85,0,1,D2
20:00:00,82,0,0,D2
20:01:00,86,0,2,D2
20:02:00,84,0,0,D2
20:03:00,84,0,0,D2
20:04:00,86,0,2,D2
20:05:00,86,0,2,D2
20:06:00,90,0,6,D2
20:07:00,88,0,4,D2
20:08:00,82,0,0,D2
20:09:00,84,0,0,D2
20:10:00,84,0,0,D2
20:11:00,81,0,0,D2
20:12:00,88,0,4,D2
20:13:00,89,23,0,D2
20:14:00,86,0,0,D2
20:15:00,85,0,0,D2
20:16:00,86,0,0,D2
20:17:00,82,0,0,D2
20:18:00,83,0,0,D2
20:19:00,87,0,3,D2
20:20:00,88,0,4,D2
20:21:00,88,0,4,D2
20:22:00,88,0,4,D2
20:23:00,92,0,8,D2
20:24:00,88,0,4,D2
20:25:00,111,11,0,D2
20:26:00,124,5,0,D2
20:27:00,90,0,0,D2
20:28:00,85,0,0,D2
20:29:00,83,0,0,D2
20:30:00,82,0,0,D2
20:31:00,83,0,0,D2
20:32:00,85,0,1,D2
20:33:00,84,0,0,D2
20:34:00,80,0,0,D2
20:35:00,85,0,1,D2
20:36:00,82,0,0,D2
20:37:00,87,0,3,D2
20:38:00,89,0,5,D2
20:39:00,82,0,0,D2
20:40:00,83,0,0,D2
20:41:00,83,0,0,D2
20:42:00,90,0,6,D2
20:43:00,87,0,3,D2
20:44:00,88,0,4,D2
20:45:00,85,0,1,D2
20:46:00,86,0,2,D2
20:47:00,83,0,0,D2
20:48:00,86,0,2,D2
20:49:00,89,0,5,D2
20:50:00,88,7,0,D2
20:51:00,88,0,0,D2
20:52:00,85,0,0,D2
20:53:00,82,13,0,D2
20:54:00,80,6,0,D2
20:55:00,82,0,0,D2
20:56:00,92,17,0,D2
20:57:00,96,0,0,D2
20:58:00,101,6,0,D2
20:59:00,89,0,0,D2
21:00:00,84,0,0,D2
21:01:00,84,0,0,D2
21:02:00,86,0,2,D2
21:03:00,89,0,5,D2
21:04:00,94,0,10,D2
21:05:00,95,0,11,D2
21:06:00,87,0,3,D2
21:07:00,83,20,0,D2
21:08:00,91,0,0,D2
21:09:00,90,0,0,D2
21:10:00,91,26,0,D2
21:11:00,100,28,0,D2
21:12:00,105,38,0,D2
21:13:00,107,55,0,D2
21:14:00,109,14,0,D2
21:15:00,105,0,0,D2
21:16:00,99,28,0,D2
21:17:00,95,2,0,D2
21:18:00,94,24,0,D2
21:19:00,96,4,0,D2
21:20:00,92,0,0,D2
21:21:00,99,0,0,D2
21:22:00,93,0,0,D2
21:23:00,88,0,4,D2
21:24:00,87,0,3,D2
21:25:00,89,0,5,D2
21:26:00,92,0,8,D2
21:27:00,92,0,8,D2
21:28:00,92,0,8,D2
21:29:00,92,0,8,D2
21:30:00,91,0,7,D2
21:31:00,90,0,6,D2
21:32:00,94,0,10,D2
21:33:00,94,0,10,D2
21:34:00,91,5,0,D2
21:35:00,88,0,0,D2
21:36:00,87,0,0,D2
21:37:00,90,0,0,D2
21:38:00,91,0,7,D2
21:39:00,91,0,7,D2
21:40:00,92,0,8,D2
21:41:00,93,0,9,D2
21:42:00,89,0,5,D2
21:43:00,91,0,7,D2
21:44:00,91,0,7,D2
21:45:00,90,0,6,D2
21:46:00,87,0,3,D2
21:47:00,87,0,3,D2
21:48:00,83,0,0,D2
21:49:00,88,0,4,D2
21:50:00,89,0,5,D2
21:51:00,87,0,3,D2
21:52:00,92,0,8,D2
21:53:00,91,18,0,D2
21:54:00,92,17,0,D2
21:55:00,93,0,0,D2
22:39:00,94,0,10,D2
22:40:00,83,8,0,D2
22:41:00,79,0,0,D2
22:42:00,80,0,0,D2
22:43:00,79,0,0,D2
22:44:00,81,0,0,D2
22:45:00,81,0,0,D2
22:46:00,79,0,0,D2
22:47:00,80,0,0,D2
22:48:00,80,0,0,D2
22:49:00,79,0,0,D2
22:50:00,84,0,0,D2
22:51:00,82,0,0,D2
22:52:00,83,0,0,D2
22:53:00,80,0,0,D2
22:54:00,80,0,0,D2
22:55:00,80,0,0,D2
22:56:00,78,0,0,D2
22:57:00,78,0,0,D2
22:58:00,79,0,0,D2
22:59:00,76,0,0,D2
23:00:00,78,0,0,D2
23:01:00,79,0,0,D2
23:02:00,76,0,0,D2
23:03:00,78,0,0,D2
23:04:00,78,0,0,D2
23:05:00,77,0,0,D2
23:06:00,78,0,0,D2
23:07:00,80,0,0,D2
23:08:00,82,0,0,D2
23:09:00,82,0,0,D2
23:10:00,78,0,0,D2
23:11:00,80,0,0,D2
23:12:00,82,0,0,D2
23:13:00,81,0,0,D2
23:14:00,80,0,0,D2
23:15:00,79,0,0,D2
23:16:00,78,0,0,D2
23:17:00,79,0,0,D2
23:18:00,77,0,0,D2
23:19:00,77,0,0,D2
23:20:00,76,0,0,D2
23:21:00,79,0,0,D2
23:22:00,82,0,0,D2
23:23:00,75,0,0,D2
23:24:00,74,0,0,D2
23:25:00,73,0,0,D2
23:26:00,76,0,0,D2
23:27:00,73,0,0,D2
23:28:00,79,0,0,D2
23:29:00,81,0,0,D2
23:30:00,79,0,0,D2
23:31:00,83,0,0,D2
23:32:00,78,0,0,D2
23:33:00,81,0,0,D2
23:34:00,80,0,0,D2
23:35:00,80,0,0,D2
23:36:00,81,0,0,D2
23:37:00,83,0,0,D2
23:38:00,80,0,0,D2
23:39:00,82,0,0,D2
23:40:00,82,0,0,D2
23:41:00,77,0,0,D2
23:42:00,75,0,0,D2
23:43:00,77,0,0,D2
23:44:00,77,0,0,D2
23:45:00,76,0,0,D2
23:46:00,76,0,0,D2
23:47:00,80,0,0,D2
23:48:00,76,0,0,D2
23:49:00,78,0,0,D2
23:50:00,80,0,0,D2
23:51:00,80,0,0,D2
23:52:00,76,0,0,D2
23:53:00,72,0,0,D2
23:54:00,75,0,0,D2
23:55:00,82,0,0,D2
23:56:00,83,0,0,D2
23:57:00,79,0,0,D2
23:58:00,75,0,0,D2
23:59:00,81,0,0,D2
